"GPB","AIR","nguongtuoi","Soitrong","nguongtnm","Khitrong","hachviem","dichtudo","dichkhutru","nguongAIR","dkruotthua","dmanhtrang"
1,11,2,1,1,2,2,1,2,2,10.3945320211351,11.2783532035537
1,2,2,2,1,2,1,1,2,1,15.415257894434,8.08941403683275
1,6,1,2,2,2,2,1,1,1,12.1970181593206,3.94204043131322
2,0,1,2,2,2,2,2,2,2,11.8587011466734,11.9215078400448
1,0,1,1,2,1,2,1,2,2,8.37303726212122,4.11744217434898
1,3,1,2,1,2,2,2,2,1,13.4634385143872,7.96916435519233
1,5,1,1,1,1,1,1,1,2,11.7958286150824,4.46627170359716
2,4,2,1,2,2,2,1,1,1,15.2063366421498,6.75849295500666
2,0,1,1,1,2,1,2,2,2,15.7135727247223,11.6572108706459
2,2,1,2,1,1,1,2,2,1,7.06844990886748,2.57888113427907
1,3,1,1,1,2,2,2,1,1,12.5489927944727,6.58289388334379
1,0,1,1,1,1,2,2,2,2,5.75168762844987,3.53541262727231
2,7,2,2,2,2,1,1,2,1,17.3240453002509,10.6681792605668
2,4,2,2,2,2,1,2,1,2,13.7249854537658,7.66921666264534
2,4,1,1,2,2,2,2,2,2,8.59412918891758,3.52087338501588
2,3,1,1,2,2,2,1,1,1,13.5695312235039,9.14711646316573
1,4,1,2,2,1,2,1,1,2,9.92472075368278,5.35737843299285
1,12,2,2,1,1,1,2,1,2,14.1648550808895,7.79007332213223
1,0,2,1,1,2,1,1,1,2,16.8208818899002,6.36775574926287
2,9,2,1,2,2,1,1,1,2,12.5860955552198,8.08903425047174
1,11,2,1,2,2,1,2,2,2,6.47965085715987,9.44785819901153
2,2,2,1,1,1,2,2,2,1,12.0470908386633,8.92788322456181
2,4,2,2,2,2,1,1,2,1,6.03265582886524,5.80767931696028
2,2,2,2,1,1,1,2,1,2,8.36891186307184,2.9272864414379
2,12,1,1,1,2,2,1,1,1,14.6245492021553,9.56961779901758
2,0,2,2,2,2,1,2,2,2,15.1661469012033,3.67072907090187
2,10,2,2,2,1,2,2,2,2,9.43714023660868,7.44894443359226
1,5,1,2,2,1,1,1,1,2,10.5942844625097,5.97731322096661
1,12,2,2,2,2,2,1,1,1,7.12851081416011,7.71524424478412
2,1,2,1,1,1,1,1,2,2,11.3850381602533,6.17466426501051
2,3,1,2,1,2,1,1,2,2,7.29974226723425,11.830476960633
1,1,1,2,1,1,2,2,2,2,7.34267978719436,8.3664740184322
2,0,2,1,1,1,2,1,1,1,15.2183235264383,4.4912521103397
1,3,2,1,2,2,2,2,2,1,7.63867896841839,9.15033026179299
2,9,2,2,1,2,2,1,1,2,8.18994613504037,10.3528921077959
1,11,2,2,1,1,1,1,1,2,13.1224272092804,9.60641607223079
1,4,1,2,2,2,2,1,1,1,11.284046626417,10.6375329690054
2,1,2,2,2,1,1,2,1,2,9.38362467684783,10.1895128730685
1,3,2,2,2,2,1,1,2,2,7.80859056790359,11.5228114700876
2,4,2,2,1,1,2,2,2,1,15.3590471160132,5.73280205763876
2,10,2,2,2,1,1,2,1,2,13.6842746797483,8.27076355740428
2,8,2,2,2,2,1,1,1,2,15.5499481335282,4.01844424707815
2,0,2,1,2,2,2,2,1,1,8.2869718123693,7.99009815370664
1,0,2,2,2,2,1,2,2,2,5.87835696688853,3.25894206110388
2,8,1,2,1,2,1,1,2,1,13.7570828464814,7.60922754462808
1,7,1,2,1,1,1,1,2,1,7.06103401980363,9.39249189849943
1,8,2,2,1,1,2,2,1,2,8.79381678416394,9.62766322819516
1,12,1,2,2,1,1,2,2,1,5.02148700552061,4.50055493786931
2,11,1,1,1,2,1,1,2,2,17.5884191391524,9.29248460847884
1,2,1,1,1,1,2,2,2,1,17.8852290331852,4.86872774129733
1,4,2,1,2,1,1,1,1,1,13.5304275280796,5.89041956281289
1,1,1,2,1,2,2,2,1,1,10.8484617501963,10.5767197818495
2,11,2,1,1,1,2,2,2,2,5.40454084263183,10.1219073245302
1,11,1,1,2,2,2,1,1,2,10.9433684113901,11.8081736033782
2,7,2,2,2,1,2,2,1,1,16.9005055953749,9.23786386428401
1,8,1,2,1,1,1,2,2,1,8.397245752858,8.78964578779414
1,2,1,2,1,2,1,1,1,2,11.1134462184273,9.58073282428086
2,9,1,2,1,1,1,2,2,1,8.44582684128545,5.17996782250702
2,1,1,2,2,2,2,1,2,1,12.6712579384912,11.9756047525443
2,0,1,2,1,2,2,1,1,1,6.83938578865491,8.88054990256205
1,1,2,1,1,2,2,2,2,2,16.9279074340593,8.09139930456877
1,10,2,1,2,1,2,2,1,2,14.7540617908817,7.69025143515319
1,9,2,1,2,1,1,2,2,2,13.548323555151,5.03716453025118
1,12,2,2,2,1,2,2,1,2,16.8726082213689,8.62442452739924
2,9,1,1,2,2,2,2,2,1,17.9322303447407,8.63565646391362
2,12,1,1,1,2,2,1,1,2,10.8712036421057,3.06916403863579
1,10,2,2,2,1,1,1,1,1,8.8912625266239,5.95287372404709
1,7,2,2,1,2,1,2,2,1,11.6398200599942,6.82240853598341
2,4,2,2,1,1,1,2,1,2,13.2905370646622,4.20544897019863
1,9,2,1,1,1,2,1,2,2,14.0258525379468,6.32115986477584
1,5,2,2,2,1,2,1,2,1,13.874631145969,5.53272369131446
1,2,2,1,1,2,2,2,1,1,16.5759318091441,7.71781519800425
1,11,2,2,2,2,2,2,1,2,15.2152959168889,7.43883712263778
1,11,2,1,2,2,1,2,2,2,9.93661147658713,2.58011513669044
1,11,1,1,1,2,2,2,1,1,15.3621664738748,10.3461433672346
1,4,2,1,1,1,2,1,2,2,15.403587159235,5.76612829277292
1,1,1,2,1,2,1,1,1,1,14.2091169643681,8.39451859286055
2,4,2,2,1,1,2,1,2,1,14.4859891317319,6.9427841976285
1,3,1,2,1,2,1,1,1,2,6.39187822956592,4.04922245116904
2,4,1,2,2,2,2,2,2,1,16.0550454591867,6.91441895719618
2,1,1,2,2,1,2,2,2,2,9.41567945829593,6.38162071863189
1,7,2,2,2,1,2,2,1,1,15.1542736883275,8.14829385885969
1,5,2,1,2,1,1,1,2,2,11.8681146923918,2.63043450005352
1,6,2,1,2,1,2,1,2,2,11.8129535017069,3.20106732705608
2,7,2,1,1,1,2,2,1,1,9.03724248753861,6.19869437115267
1,0,1,2,2,1,2,2,1,2,6.00381121831015,6.13135377690196
2,12,1,2,2,2,1,2,2,2,13.1422629721928,2.94841535203159
2,11,2,1,2,2,1,1,1,2,9.54129982041195,10.2781511545181
2,3,1,1,2,2,1,2,2,2,7.76758719631471,2.82252451917157
1,7,1,1,1,2,2,1,2,1,17.2904049940407,6.99284960096702
2,3,2,1,1,2,1,1,2,1,15.6317555468995,10.320098919794
1,7,2,1,2,1,2,1,1,1,7.6477233779151,5.16134694963694
1,2,1,1,1,2,2,2,1,2,12.5686726288404,6.29308569058776
2,10,2,2,2,1,1,1,2,1,11.189404334873,3.45773669239134
1,5,2,2,1,1,1,1,1,1,14.2052992605604,7.01312353415415
2,5,1,2,2,2,2,2,1,1,7.97812105412595,9.93297542491928
2,5,1,1,2,1,2,2,2,1,10.3595821585041,8.95539812324569
2,5,2,1,2,2,2,2,1,2,14.3880423542578,9.37445501610637
2,0,1,2,1,2,2,1,1,2,8.21988686732948,5.2417317177169
1,12,1,2,2,1,2,1,2,2,11.2168040547986,4.28664040099829
